f1;f2
0.018636672781358166;8.964998189869219
-5.737664001092889;-1.8606869466690639
-4.195086884521734;-4.641739901830653
8.021220144821221;-4.016666917798829
-1.4030757458441512;5.093362658430292
-0.040701244149721205;3.8035602270894033
-1.7310686526802297;1.9692529871781124
-1.013591416801909;3.127712951609344
-4.036413177685309;-4.927149019026903
-8.879140341161218;-8.535361022926226
-1.6299332758513212;4.522659594064237
-9.29132655543746;7.331921073447901
-2.9254033850459495;8.51333906242464
-9.493112680905844;7.015462316467033
-2.550650828891514;4.909507773291288
-0.8079080313143512;9.608876805348372
-5.53614931231078;-1.9259424456226797
2.9053994706920614;-2.709376361512348
4.0586032817069935;-2.4156158185103034
-8.791826038870802;6.479214153411782
-7.2027643864553585;-1.7905457767651816
0.5531513220639247;-8.261740654527461
3.675166659372144;-2.4041265925541193
-1.159667236033139;-9.482417301117682
-8.09027012791629;8.306606763468848
0.13184693124721425;-8.618409350266102
;
;
-0.5157548443394118;8.471026919467079
-1.0195743294543629;9.431324302320451
-5.972317401142969;-0.8597854598062815
-0.787267189915634;3.6496579821637685
-0.038368503384693914;8.027659944719849
-8.090383007261739;6.733396701205804
-1.5995774211605125;1.0182915061078577
-1.068458232047097;4.556571115086868
3.622148992473253;-1.602895874559548
-7.72224754901991;-9.0565999236664
-2.908899500781809;4.142878730987501
;
;
-1.1633799162387315;4.333834140826326
-1.4639284135724466;4.29557106787755
6.882854324660484;-4.777572065041438
-1.195634771027946;9.029247229673993
4.742741806635731;-1.2816204617778084
-7.707368994066107;6.223279211914599
-9.11442814014717;-8.708655522829744
-2.466611101756785;8.140630848048255
-0.8897403587895443;8.803351519913138
-6.719554726276266;-1.4125131378107083
0.8215717304036818;-8.361760523694015
;
;
-1.8725989056943007;9.434161798600986
;
;
-8.520748941352988;-9.226449265419076
0.2514845534991315;-3.3405951313733873
;
;
;
;
0.9751662569208717;-3.2847230162004797
-8.712716951395045;7.321421784774569
8.37350421987799;-4.317471897459093
0.06318108045145998;-4.255928975925511
-2.224229287508987;5.173954746121668
;
;
8.809701186419687;-5.544415116591756
4.3191747488182255;-1.9436813143673397
-0.014655370263620793;-7.601227793074276
-4.55760933067797;-5.502276902409149
-2.232593711355842;8.389184783112398
0.4131276553857876;-4.339206393195021
;
;
;
;
-6.6285337898241545;-1.0146011362636942
2.841102138822039;-2.540038337716416
-6.65507614321903;-2.9551976194950154
8.270888045251887;-4.769194391268357
-4.138209689820925;-5.237752508323232
-0.5465525490194255;-8.855361254129658
-1.0244611424215426;-4.662618567554891
-9.02866734469836;-8.933651330827244
-1.9863873219445294;9.187280317502976
-1.4572445913746672;4.5850899030739
-5.318381760901266;-1.5710107980289967
0.12198821478459954;-9.11453085978443
-1.987829091181272;7.460400513699028
-2.0901256520646387;1.2416379885483928
-1.408084559050199;6.049371884830627
-1.1570949743804118;3.3180700969968875
-8.311804176891656;-7.73514890660521
7.189882957168355;-4.282342766966113
;
;
7.539135480146911;2.306441105293126
-2.5915131192324896;1.822732018897384
-2.455186350590107;9.306122163592734
-5.169324253011906;-1.7051742558879657
-2.0813120301596286;9.201351567826155
;
;
0.28718603408846055;8.89245979032066
-5.319043411314041;-4.243125401499272
;
;
7.048719606163465;3.115841665698384
-8.713164969139214;7.636177806872246
-1.5959638742019335;0.8231559509452556
4.188405191988997;-3.1494900280956237
-5.603552863140185;-4.829541497646986
;
;
6.686193065908368;2.1465732515660014
-5.57886222157812;-4.73767034078996
-0.33771139819717066;1.492565097617453
6.5890484756754075;3.1859178908613273
;
;
-8.767142592036446;6.720559051657009
-0.8404017453716897;4.3341120869999035
-5.422953877925915;-1.9127533400369245
;
;
5.72989402106519;2.4737749124122157
-1.3842812014854446;8.816742272277985
;
;
;
;
;
;
-0.03289152314204112;-4.500543175251103
;
;
-5.09203294452369;-1.4552217480631335
;
;
-2.2907354941322366;4.744967925982072
-5.352860509520541;-1.4549600227425163
0.1696197584337632;-7.882341219645662
-5.521742658504484;-4.651664156061398
;
;
7.379256570771426;-5.149082054382545
-1.021378106180403;-3.7939085287805123
;
;
3.104330181005437;-2.6148434568156076
-5.901383231541602;-2.804633578421263
-0.9174922995484903;4.464382805620249
-1.2992926987491824;10.384972399127298
-4.564048979600402;-4.887671961807348
-0.3526849346386789;4.041447828495918
-2.0231471369777476;7.731401972270235
-0.9988212723410003;8.790721632447688
-0.4075637334774853;-8.248306663537587
3.3968685880419027;-2.613992934235702
0.33887853972773085;9.887809789507113
-2.5665671132449006;0.83290104175279
-5.1170073426747305;-5.027260262566599
-1.3761467572721617;0.9888016068830556
0.2927484464682456;-8.314313139869189
-2.0167173374416048;9.954808401421165
;
;
8.439796999621983;-3.7117001341417875
-8.290818222055814;6.759365076979379
;
;
0.5329756889440598;-7.261405989492065
;
;
-2.5903179513452854;3.9627518551434187
-7.668510687801642;-8.171084041743834
-0.6937278407728145;9.938217942752052
;
;
-0.5726168834431447;-5.041130769623764
-0.3994159991002129;-5.123406810276253
-0.7495759711063747;-8.591861894060525
-2.225374896440786;5.189859048738931
-1.234667974388269;9.447164485395522
-1.9459245211112233;4.354754414001851
4.008141065212562;-1.7774581100754459
;
;
-1.237522764916134;-9.724447562836385
6.7089331293560175;-4.163545928723895
6.099579033234836;1.4958716997107546
5.9005192582884405;1.5129606670828055
0.609564783591783;-10.13747827316903
8.19155400600427;-4.674177368066547
-9.508891984384789;6.8690601529322715
7.3198715056828;2.686390312401146
-6.596374181735212;-1.7179499367743047
5.8735173154563025;2.8658681894345595
-2.0578438957026552;7.875592980385333
-0.6374335791470238;8.565596392952646
7.285252225004416;-4.6318494563853125
;
;
-0.1268571310676344;-4.612827175460949
0.648415103405275;-3.2398828406007607
-1.1643605863151787;-9.33513354895874
-0.26629376973173646;-5.1109227975145215
-2.2231891058807416;4.723869119921365
;
;
-4.100230891287292;-5.359657071128485
-0.17414859725535195;-4.510594732026751
7.326190572523962;-5.968447973997968
;
;
-1.4463175116966225;3.4060283315901496
-0.16602826367976387;3.4437368494802048
-1.2344992812968865;3.6610736539347766
-2.798775409763567;9.2824989209084
-2.5542586647838554;1.648447114364377
-1.1227426023513534;4.692783786754064
-1.1594963256184956;4.908977745443574
8.097834276193321;-5.65984699153481
-4.339625194057943;-4.560509535048152
-7.492385664777859;-8.729321857920713
2.765113879157394;-1.9644617114758924
-5.135167011114822;-4.52002306054793
-1.6920617467872054;1.7292208709854013
-0.7601880551714527;7.583938133041007
-0.11104331985215038;-8.428857467052236
3.526070781586746;-2.0334066135337947
-1.5917633833320193;8.930870144288388
0.01057315328446895;-8.116952427006566
;
;
-4.237218872334548;-4.815838854574458
-1.3285501411729363;1.9907494392149485
6.76014404507893;2.449150010286744
-9.387796776687612;-8.395990513883556
-5.018083261817459;-0.9026512235303216
-1.0795592020849811;-9.06303988317874
-5.136632009052431;-5.196775473709002
-7.6576532069884955;-8.918007960972647
;
;
0.7099709143273466;-4.297920853863858
;
;
6.744518680763325;2.0680561447096233
-4.7718865884115935;-5.781493189902211
;
;
-0.09839815540137978;-4.5974316995008015
-0.569397839239151;-4.557305757538353
-2.149531830896666;4.794220462924583
1.048127533127988;-7.555968729676367
-1.252359402468211;4.305956584847443
-5.813009054699215;-2.502387458559538
-2.1985815280304553;4.6538306790590935
-4.635883785970355;-0.8170968546700267
6.855224256709044;-3.8019252987311214
4.302639749662494;-2.1677736358964177
-1.5931295192239134;5.555066583034807
-1.432473408776199;1.3575368922523554
0.694758734350275;-4.024905610487981
-2.2773822049485735;0.7882347236734109
-3.2239178779072812;7.626309641208911
8.212279715746407;-3.8618493614411955
-9.331981070927174;6.2021298241943414
;
;
-3.3263928584123055;-4.856611096251357
0.1003451796438764;-4.090189787818315
-9.038278224701061;8.11781007979846
5.837075117518084;2.536029303501234
7.96824335737332;-4.592428083046972
-7.187161195049619;-1.2099172896956947
-8.126307224458452;-7.184170701904701
6.565290384657014;2.754950303415079
-2.5584073855351432;8.586773195000335
-8.59650886708518;8.109130018190012
0.6795435427812302;-4.812253221223608
;
;
6.700041481784349;3.694196821515394
-5.820649652708015;-4.763418295163856
0.5871824689899973;-4.6652214166994765
0.009094807535142073;-3.8555683026087917
-1.2020125297841389;3.9798722745877715
-1.2607334495903353;9.813595023755674
7.254960780920709;2.464365501222493
-1.288170974508113;10.053103151044224
-3.425487887698252;-4.422178300123485
-5.531097709821899;-1.2712604903745601
4.264379239269875;-1.6145227378601996
-1.3456675504051725;9.056197616693712
-8.985073977678004;6.391434257472075
-9.350137145987006;7.269159752504465
7.518244762021848;2.313193205622691
3.250326527170652;-1.269053618713599
2.9228422753080934;-3.1573706058776643
6.020312205885495;1.6649305601607916
-9.268753177279988;-8.787184517928667
-0.22984168844843467;9.110320915091183
7.617261500607819;-4.715033399916345
-4.306269720784343;-4.775917504584929
-0.24321776873917297;9.654829471157408
-0.9730502679063681;10.621676422551788
-1.289777017367642;8.579591104968037
5.840309874776819;2.338861542918177
-0.8276253734366497;9.258019284119138
-5.009119050067882;-1.2185828222756099
-1.2818864903776515;3.821737549439125
3.2281123391699844;-2.0763651350544388
-2.172717685634257;8.291768627762403
6.041020771391993;2.540983318997191
0.6728044386010753;-4.4847329983860975
-1.1160714207348579;4.2261496998082535
5.930019346609625;0.9530145138696817
-1.4171686843875722;4.4626954959485365
-0.5748788812001249;-8.09246440479146
-0.4602739526562987;4.572309096087907
-4.286915326143303;-5.186035501063394
-8.207239515536434;7.0640523360641705
3.763699229703916;-2.4924855571250917
7.904113756222593;-4.843111094715994
2.8662288083644123;-2.019151653990445
-2.626212831636228;7.503300267624058
-7.391273946278243;-0.675431301020167
-0.5424818980852852;2.4268949874758112
-8.481809670006392;-7.726986448302813
-6.009230678391426;-1.3079763391521884
0.4174070399216503;-2.9617169085910167
7.045451802179609;-3.5124988748576533
-2.461687618286122;8.824820612251084
;
;
-5.066814010982884;-0.6102925942359185
-2.502882044727542;9.874628818508
-7.874311875219861;7.9644655038581735
-8.122158438448807;7.3395324625963525
-0.11719689871615854;9.893382612421005
6.752281890679946;0.9481449356443596
6.494530818068766;1.3566509929003752
-9.475555826285149;6.66233068100829
-5.560925609562081;-0.7296131189407064
-1.5095359299294695;3.3461853324613644
0.45576682176950634;-4.619859979707737
-0.8841624456760707;8.659841044319686
-4.290701217482139;-5.823302114054501
;
;
-7.6466066599778975;-8.612187070470979
-1.8890100951984599;1.8064744318338544
6.141838894902652;2.240224926276681
-4.425305794837186;-3.9804322998589576
;
;
;
;
;
;
-1.2955771749324063;9.613273981831863
;
;
0.6767648336306117;8.615886660166638
-1.2891508551086832;11.199171219061396
-1.0241671842910702;8.767827432140892
-2.102430322541559;9.341086948602127
6.9056886115985785;-4.330042328754639
;
;
-1.080523529537007;5.253520381941127
-6.2509935042750975;-2.2619783517706136
;
;
-1.3997052118802948;0.44563583073655033
7.19922505510264;-3.222628781429729
-2.815143003209112;0.6533475206570402
2.233685906634071;-2.9286046242667996
6.197981587794637;2.6103620669843437
-2.373588977480805;3.9935300795072153
-6.582087346361071;-1.2536463479691993
-7.736016709897859;7.678257022626825
-2.474934294293096;1.4680169162987369
-6.434421887045147;-1.4917765597865782
-1.94650367585331;8.31020417660183
;
;
-1.7523573916855748;3.804869963261831
0.6041068234556968;-8.892615393109823
-5.151555251424819;-4.0790155454519175
-1.9865463912349834;4.5352763458366026
;
;
-1.2776719065385795;8.807299459681039
;
;
-1.4676385815668263;8.956728488024728
7.643854839382861;-3.454330872356406
;
;
-1.9126475449414566;8.96627427052959
-1.2238834794530624;5.647618386247141
-8.890764777427448;7.824192393873366
;
;
-1.0791842280248498;0.4650575584766573
-8.224705270754514;-8.305799798997398
-1.9953317674798772;4.736211866662911
-0.2231589748476166;3.830526334949906
-1.8054362386325544;5.9388833498283295
7.7995296310150675;-4.500336818327376
-0.36565633253813196;-9.11493518911147
-2.722348439087922;8.994528443209994
;
;
-9.428460492148789;6.577789135607075
-8.487145114322885;-8.101653055350381
-1.2560202689683426;4.697895098191138
-7.800892092325271;-9.216386937534457
-2.0950478515330953;1.169206211173497
-6.937761610862072;-8.812633009110458
-2.034155337092256;0.8122996357175795
;
;
-8.73838410530168;8.427735089026624
-0.5242150690270728;-4.302131256676119
-7.202004565684834;-1.815933812648725
-0.976676646855772;4.068175685069482
-8.368164665656712;6.841868041569841
-1.8256669751254702;9.787734201065945
-1.923808032634885;8.745498774174374
0.10659250410030197;9.366481254120055
-5.690295988832802;-0.27925193445181384
-0.28847832479882274;-4.167934593127467
-3.8770746851551743;-5.428300767188286
3.1192447092080076;-3.944905248730713
-1.3391660553083025;-4.45519051670022
1.1738166207784082;-4.2428829362724105
;
;
;
;
-1.6237051801700888;1.5811622018239855
4.315875859215929;-2.7025882719367487
-2.3838900119806876;1.545843089559655
-1.1344119456983983;-9.27995081523511
5.6829482716802415;1.848490531861768
4.118599065989657;-2.2619772894143746
-5.528551046856513;-4.1210122841967
-0.5266996961406138;-8.22238793376144
-0.6570276348801924;2.8185136847776118
;
;
-1.1701322747602556;6.629846352508791
;
;
0.3590779731959772;-4.129553822035464
0.09777679843440623;3.8190334090562583
-1.4210710394781114;4.608948307336265
-6.47982020488533;-2.099968344107773
-4.73043770435268;-4.621274819218645
0.8460762182578403;9.641065770219855
;
;
3.5214878180740716;-2.4450717704473264
-0.305327118507306;-3.440907535308428
-7.23599035489181;-7.849408915694744
-7.2686014677735935;-1.7781805104517092
-6.336405883783695;-1.77794812761588
-7.552404601102856;5.839833569880375
-1.610316264682229;3.9952646992633145
-4.8506899751699;-4.064008892235318
-0.08800562722915445;-8.95855684648907
-1.8838970896172802;0.5003002017829853
;
;
-2.1301453490850815;8.876778431303912
-2.439326907782796;9.004730032148348
5.87485669183712;2.8493689058079297
-8.614019123269758;6.515703336213495
-1.0131367749451632;-4.2024952746121835
-0.08208894515093569;-3.2569390518435704
0.042940848970603684;-5.3077194551089475
-0.5505027874669508;10.04231182521196
6.310487200391475;1.305500579184764
-0.7736563702033699;-4.261567336965737
-7.526705913557425;-8.332680473236445
0.9254971403311039;3.4848559972206594
-6.162671837529973;-1.4718638159826045
-1.9588634321269724;9.739361799755137
-8.661899562141157;6.371621721089575
-0.9949240758853184;4.139676841796315
5.889589443809982;-4.267213152012316
6.816389115650492;-5.032171121000392
-7.9881088329076775;-8.259546538244706
-0.4705105581421106;-8.326646561632558
-1.3035690326834373;0.632320901109056
;
;
;
;
-4.945663882684981;-4.177109762475098
;
;
4.05859542343997;-1.824203767500251
-4.301644648167046;-5.086044883770307
7.666635516353597;-5.642261066162155
6.172970218167572;2.9574951540348278
;
;
-8.888288563202346;7.380541098663181
;
;
0.40747931384960145;8.738536962393967
;
;
-2.7470665271930486;10.437354552232987
;
;
0.057986772601613515;-4.276067975625332
-7.949364552822079;-9.023288289073905
;
;
-1.2830136587037921;3.515594188319405
-0.5330966619519896;-8.667942201603614
-7.966780499798406;-8.329854138668518
0.6699601448224497;-3.4561047670705323
-3.1896325497839406;1.724640370743677
-8.665430745344581;7.812186645766987
3.4629271454519293;-2.9730630014637187
-1.2951485495691;3.8480226302060236
-1.2805733653661855;4.73026190271807
-8.51500520830556;-8.23862556284664
4.290551972971936;-2.8039338550157336
-2.242894979003974;4.734679190048349
-1.5142529094661266;0.15036307704520557
-0.24786585198974345;9.666891928182618
;
;
-1.438318373597814;10.532526140044233
-2.4509734811463257;0.16084616863072265
-0.9510343251288397;3.1642557935002262
-9.515475612808356;6.612913486787862
-2.286102416514722;-0.08765223680776169
;
;
-1.389284223206547;4.210077315851244
-1.5825483939298899;4.335077232764644
0.350860791199204;10.014147833598425
-3.9136473035286494;8.641879155115982
;
;
-0.2779333902875432;-4.673926077335994
;
;
-5.621240007330378;-4.519096146576372
-8.81060438142267;7.485859147964053
2.8148950020728227;-1.3480524869830934
-2.3664097129742436;10.551491911184582
;
;
-5.175213993604299;-1.120173031049037
-3.734486397501121;-4.632394933128047
7.8242211763185;-4.322821869042894
-1.8921622695515992;8.94176206551812
-2.439344709693405;8.399826562109615
-8.259788857461539;-8.395538736420772
-1.243579825573791;-7.586403361676332
-1.06624997036999;9.422918333044262
-1.6007453362635078;2.8239133948698267
;
;
-3.696773322469606;-5.684937107523014
6.801389307761259;2.847190088652179
;
;
-4.073066676186979;-3.990388543142153
-0.9797483812036537;10.093116686365413
;
;
;
;
-0.4916802352975763;9.715024761842473
-0.61613432614679;4.249566172640347
-1.0692844689993621;4.347162342256279
-0.4032618843314506;7.743590320489718
-7.798401994536199;-8.95122758963176
-0.7820610286314098;8.968601562246397
;
;
-7.235681187333201;-8.962847996546271
-2.175639500774538;1.1087112247574937
-0.29121965181434706;3.5866407040170722
7.73704669285613;-3.890203071285536
;
;
;
;
-0.6423425728313716;10.055521765919766
-1.0336515664809942;-9.083321798465674
-3.1344740713112182;0.5323281950191538
0.034581806036091345;10.387157323182453
2.9651169742153005;-2.873378289477837
-8.32953041995761;-7.87377523910158
;
;
-1.1325032698318132;10.611896596575992
-5.309184293459844;-4.0022810885740885
-8.648897603929301;-8.535653514910639
3.498261140810546;-1.9316343202059416
-3.4326893282599844;8.807167030909536
-1.4816690028327137;0.9160797333710631
-0.4115017799235119;-8.716262323181539
8.481961832510894;-4.798336417024673
9.030731489978002;-3.5661885872789316
;
;
0.9170321917347697;9.164516979075977
-2.664424492624072;1.4807723925423666
0.33993561109054926;-9.289624366775465
-5.084098830203589;-4.678937714148813
-1.8888811452199954;2.0787456673379876
6.547317870003393;-3.9748403418861287
5.973121540048759;1.9430910657545095
-0.634544173218986;2.976154986071352
-2.567040207694039;8.374909705213188
-2.7749377525297563;8.024497013938731
-1.0257387351618343;8.729481444121646
-2.3152009310916974;11.328292826433627
0.18164926844523277;-7.475082640571553
;
;
-1.074658067684346;4.057354979805212
-8.992471773206947;6.649258783183125
-2.1984150362448545;0.43078894178578
-1.8156947206394536;-7.897035335674937
7.077889876748268;2.477147561713897
-8.213796115819378;-8.61286414686212
3.7549559913510078;-2.1311718429869324
-0.9879077450787993;-6.937519390970429
0.27446394985341105;8.215042316293719
-8.818504190140855;7.925642843363967
-2.3012154457514264;9.56869946684827
-1.442791853958107;7.925825402970308
-2.626259229346148;9.255457723088053
;
;
0.5080087906346559;-4.170571414812607
-4.687345276963142;-5.7916727965012536
;
;
-3.8754170316815832;-3.9142956177550996
5.141691796418663;1.9548683861097582
7.695252781103393;-5.145019177655479
-8.19242143231343;7.418476802643046
-9.074122779159314;7.359194506242619
;
;
-0.8759704697816679;4.814594303194667
-8.905653528211;-10.105658430639838
-7.452323320738503;-8.408495285344703
-2.5470709285326896;5.200360971988853
-8.065770552622443;-8.127243439238717
;
;
-0.8433454907160828;4.6292599452391725
6.228297233194817;1.8931908686870687
-3.048516346556168;9.480811849429708
;
;
-5.666534076536383;-0.2217752056961937
-0.637880797997838;4.483709775769314
;
;
-6.623413383343346;-2.4155118605926864
0.3540937279132037;3.1663429710079933
5.7821152693969555;1.764031767640367
6.711342289236471;1.3431422612108932
-9.678238238947282;6.545360748539041
-1.8900877097179194;10.75073384194392
-1.7944815645580179;1.106278096466959
;
;
-0.8676144254240684;-8.05942947021423
-0.7746887874203605;10.079916817114
-8.450156404767663;6.8162310965565025
0.6440079801993801;9.411121553031943
;
;
0.11748045978313398;-9.067835340221341
-4.385620289114858;-6.109639744964713
;
;
-1.0959691400728013;-9.256685268399547
0.7799615989197246;9.855911128254018
-0.30579182789758375;3.074524381045544
-5.27963311546959;-4.314520669318662
8.928791009289307;-4.971271956946594
-8.535188365359664;6.962544151755388
;
;
-0.8914293417891427;-8.595629638465896
6.613333994201527;2.252129944035231
0.14791884745188022;1.227782200085029
-1.7309828526534448;1.0237561437415232
-1.6564343376997541;3.4754634532790827
-3.1945554691615046;4.784134025622837
6.617937223706441;3.5230653283509445
7.211496341410125;-4.436056676764578
-2.570244517105991;9.19164496460413
-8.976642790440795;-8.36599253922172
-1.1936707833847562;4.386065600644212
6.620601725159407;2.2341191683872816
0.10714037126744433;-5.2186973840443125
-2.1291213727493252;5.759601179973475
3.2684816813246775;-1.7243884796695557
-1.3458909332251954;1.779735829828721
-1.6284307892816958;10.880538766367978
4.112236105194038;-0.8372335878023622
-0.5638155533770299;-8.715442151400294
-9.662392199992567;7.1065649080574556
3.4326917536558117;-2.2212557587306403
-1.539760148947161;9.156282044349755
3.1113222755445484;-3.353849615625408
6.863785825671639;-5.014217783727721
-8.953326992467598;-8.22483662783475
-1.3622672090215047;1.1160792372007409
5.875745364400637;2.759299599952037
;
;
7.1547873795077725;-3.5397967013631932
-6.823240156906174;-4.647955806354519
-2.0227034400195874;9.520582482951756
8.095070324797856;-4.415813228819043
-1.603991198899732;0.8038513575544386
7.15517232170475;-4.969863041881687
-8.36626576008422;7.604502766713503
3.638053082521783;-3.2158538265989773
7.393187795852321;-5.305339022105204
0.07085251270743398;-8.797313683235052
0.18384347189074957;0.9306225722514704
-1.6184247603699309;9.839282267460458
0.06224552605124967;-8.388231914448896
-4.57147924988079;-5.302801637957129
6.900764974663582;1.7350449491116628
-1.9924349857428454;10.01742442626208
-2.530633517359086;8.401691598331873
-6.419377827606037;-0.9463178941974943
0.13129042513833206;8.274877200658082
8.393954702639576;-5.543107092580181
6.826966013973644;-4.308251556809632
-7.209888620904215;-8.149265512840785
-3.1869447796617907;8.549373739715865
-5.7803661900376975;-2.0476679819920363
-7.813281864543427;7.342358799247551
;
;
8.299370152512655;-4.852099348395743
;
;
-2.1601069769829584;8.891833772663356
-5.795440702823291;-1.5380091245131668
;
;
-1.9112506376542144;1.3710015307890022
-2.210856799705326;0.5730229872361259
6.943588278907169;1.5669673389461327
6.080158628807115;1.3903187412356448
;
;
-1.6920612065105556;3.126982193802581
-7.842584402243056;-9.12865149265451
3.070185967079587;-1.768692276965535
-1.6594219007831061;9.535874441030888
-0.4540087857823971;9.97143136890992
-1.2357829537138323;0.2177207187061605
-2.6340779802587724;0.9368057551177011
-8.817982632089482;7.178102347941643
-5.073888801626198;-1.7534194257014863
;
;
-0.48183233061108277;-8.763599081044243
-4.373708667482837;-5.040081979859674
-2.181754999102962;0.4956903657362889
-0.7892054442324932;1.5349071929104277
-8.50464514794746;-9.18691216974714
-9.443472674458812;6.8465940097149005
3.556568178528798;-1.6869046886259946
;
;
-3.049434674429444;9.076617380703283
-1.131700713299919;3.568466120757103
0.5162835073886932;-8.76775248137525
-0.9455119656006289;-4.408128984034229
8.775129864928655;-3.0963830814209334
-0.6841483142071072;7.690214462067521
-0.999853349397606;0.7915176345417939
;
;
;
;
0.02326902428305408;-4.703026842697755
-3.756695527091593;1.4924691421347251
5.453981334845722;1.9581705390342312
-1.3403813609835313;8.907494906253003
-1.2281048148486429;3.0087671668395517
-0.9963153983587215;2.937432453365074
-0.5293113853512992;-8.734110479767544
2.4860398904098573;-2.6282769289711085
-5.588348234650475;-4.484904345629246
-1.021278441299894;5.205918393621916
-5.330795531016715;-4.09506980134783
2.5703425863159612;-3.0420960938586568
-2.26215509438657;1.0280349200604373
;
;
-4.6174842818834465;-3.397699859486454
-2.4109990210758476;9.818495083968449
-0.23335194309611001;9.319097189930336
-1.147724203743551;1.310008653669005
-9.437189061159476;-8.764223428239951
0.8822874102125777;-7.529808201816886
-2.4009888403959936;4.171510843400045
-2.334898486881472;8.366361006997153
7.4538051004264165;-4.26026840536717
-2.256429065498068;1.1919168708901067
-8.495635383965881;6.448810374215304
-4.571909754787033;-4.198145777509527
;
;
-1.2212886702900674;1.937806760054847
-0.806005266908578;3.086141617993766
-2.6260438485766153;0.6092726372414706
-1.3787047095168135;9.870473250310194
-6.533174778241978;-1.8545861083761404
-0.33408039301665776;-3.9377954674151807
;
;
0.04614086962354862;-3.652464523214369
;
;
0.5055736949441975;-8.665136186533887
7.004647904192918;3.2715169065348824
;
;
-7.419608270895105;6.551669276005924
-5.85681160425161;-1.5122990028162424
-0.7128016152185463;7.892062212334208
-6.434520583998119;-1.065346861643098
8.101595322935866;-4.399848024109166
0.10597670688712751;-4.941379348454361
;
;
-8.858285485267494;6.24853548339194
-2.1739612066070153;9.338963085282492
-4.8911974696309315;-4.630630546358049
-1.3541546418483805;2.752631575743563
-1.576752751300449;3.635976385110067
-6.795785787610696;-8.84570145441972
;
;
-3.104028339787255;8.960269277364368
-8.42407652011932;7.655435173473734
;
;
;
;
3.6836884869624575;-3.018294485423179
-1.9561075626428566;1.2325176288276236
-1.4649835625262217;4.890233779486846
-7.696549140767582;7.742193631283148
-9.126473452334867;5.974109641988044
-4.313187856145558;-4.259705186763086
7.416916452999181;-4.437144013997165
-2.6837162021001904;5.265241447405333
-1.4630410462878534;8.544809288834866
;
;
;
;
-8.174139555098558;-9.207728422264225
;
;
-2.3540282591058794;9.191609001765915
3.9691356539008997;-1.7870224481104928
;
;
-2.1844837088395135;1.5669213412805436
-1.1403224072116505;9.966145454293313
;
;
6.731804786119869;1.3561536627350885
6.321017550699886;-5.0563799361655555
;
;
-7.766680980844314;6.885809830521172
-0.9064723592086721;9.428490831655232
;
;
;
;
-3.3087681813667205;-3.555753636280032
-8.510638040452696;7.0799810686685385
-1.7827186521736316;0.23805667376900042
-1.5453109882263636;9.819857302579873
-4.072233311885804;-4.362175665848156
-8.135432642069187;-8.443419394576816
-1.2668568942847298;2.716894158851933
-1.5738870902235265;8.66449958112286
0.5586010640582022;-8.547963284353758
3.4078401673579735;-2.6919516842340174
-9.953848830610536;6.352156795475619
;
;
3.351737083803818;-2.2555185040519055
-1.5650423539891174;8.699028912014494
-4.446232386614218;-4.671269260197356
8.69242604060858;-4.190252855285469
-4.464463584368235;-5.9631890891922605
;
;
;
;
-6.317416086632012;-1.5193975362193368
-4.510202926019336;-3.5853590767666317
;
;
2.7171879536014285;-2.130159103725033
;
;
3.335980192026278;-2.871748299443162
-9.17535119748046;-9.00000558826184
6.353576978226615;1.259126266855242
-1.254349926693619;9.433841950126357
6.274740906761643;3.1106030164196397
7.6970780827212195;-4.055377132281596
-2.2556877921923695;9.55971623243832
-7.718876152708058;-8.52697357615836
7.5331498786361815;-5.333659948238113
7.0569794007757345;2.3259365082563135
-0.9559241081394693;8.984560436901136
-0.28767589077978023;8.878072933467518
-0.4340836704728811;-9.271158020279309
7.521289253149615;-4.622831159682459
-1.9182595600338241;4.780405504132322
;
;
-2.5061905570348126;5.643148522970765
-0.7090020418752088;3.266913587994366
2.916526956265376;-2.019886299951542
-6.533597679864654;-1.9558323830883038
-5.1678462310174895;-2.395777215032063
;
;
-0.35437060755064287;-4.161789065126662
8.3644225270284;-4.46110750329997
;
;
2.92784677784669;-2.596368049143862
;
;
-4.5110180178827965;-3.4731146704413014
4.2944205538505145;-2.9897156086774372
-1.0227066252747645;3.6694407131948883
-0.2984493604465944;10.432682930144718
-8.064746284461526;-8.718218167449997
-0.6894074056121919;3.637231761853459
7.002772436857975;2.8829593305896224
-1.6338205103868635;1.1424183871338476
0.4748649541227238;9.545597986999521
-1.4489570026354426;4.38282635622861
-2.460411805081299;0.8240650117582642
-1.8013733061307546;2.063228746967239
-1.043435781721126;3.090286835845511
-5.2254564204479745;-4.846260324127448
-5.070928361344571;-4.639619410571348
0.6597025860627691;9.22799664364039
;
;
;
;
-0.7555940584642108;2.976813868637916
7.419777152983927;-4.600138559848956
0.8573078665988063;-6.062681281063879
-9.209650302294976;6.391156781385018
-8.011781545382073;-8.333949599214437
8.83870030761944;-4.444870427542949
-1.5545654140411889;4.6235645864561885
-0.546339680024902;-3.9551007429595018
;
;
-7.848277372722605;7.143458482054378
-9.66548032052463;-9.434556982277348
-3.2939396659082645;7.772209151438657
-1.3560251360786195;-3.6399193597075192
-8.383309878301782;6.933987039299129
-0.5345692471190671;9.246304415132396
-3.2616377817081985;7.75021714726748
-2.3813284375671717;8.649520439884057
-0.293352882572484;-8.461610977513471
-1.3189871336932066;9.900134190681324
-1.7215619554972907;4.397481141072052
-1.2088007125220361;-4.118423187433111
;
;
-7.887390867445251;-7.945467164679148
-2.3719842020414132;8.518165391331298
-6.303183998547233;-2.5748719668537565
-0.13075645566472663;-5.501230211587256
-1.827066867409394;9.637664863211192
;
;
-1.6139103331738116;-5.050985226739997
-4.996360679329239;-3.864174247912199
7.679658118545169;-4.575435986606219
-8.528541703527809;-8.746104900846372
-2.969573024866904;8.814717811053251
-1.7972575708833916;9.686069355546627
7.2351161103071;2.1394841815099195
;
;
-1.7084351784840806;0.8604605754669243
-1.8153121361191742;8.414049835308717
-8.542944094643827;7.003507072687876
-1.9404760583014027;3.1641990421392414
-8.470938323240121;-8.623858903183127
7.117373922403192;-3.736097986201291
-7.257454917291501;7.142830743613643
-9.063993147324876;6.448323059911754
-0.3458305937770963;-9.54933687107541
-2.6242903735417737;0.769615275591828
-2.474534152434054;5.2563023891673835
0.08056856930595302;4.0947846080707215
-0.5968436090105987;-4.179733211567843
;
;
-8.314491187065835;-8.993846315119065
0.9728750592768372;9.742093788145207
-5.354843002898693;-3.797552781668669
;
;
4.105970314825095;-2.188490812912492
6.866038543914021;-3.38100931356201
;
;
-0.34681399462609164;10.335712254484084
7.584743162621678;-4.760580223771511
;
;
-1.5293397001122657;-8.551702529570623
-1.5096118301022892;10.94279322475232
-4.889774028452717;-4.8721159551629345
-0.7462028549057413;1.0912427944014036
6.700543465679489;1.7229719813388906
;
;
2.742395783629898;-2.7173162744152806
5.626066448320243;1.5893947596396538
-8.76180452237744;-8.318561966775379
;
;
-5.298484591067387;-0.7515891917806025
0.11507594640515073;8.844733766767995
-8.145826020655427;-8.086806965348018
-1.7813327333469768;9.12425913722244
-6.195839603024964;-1.2010492301921254
-1.5583888949586138;3.625931921384099
-1.2537894082943257;8.431860340655646
0.29882964487341956;9.724906509909864
-4.902591458836851;-5.11218126410895
-1.7823525610714785;5.344183510412307
6.789481350174649;1.6709081952113054
3.2609692127981442;-2.659138793948508
-8.436752352278756;6.42642222474858
-0.17140371637867918;-7.731279769993689
-0.49500238525349466;-4.329144581673972
;
;
-5.792672239380625;-1.5988769631413824
-0.6918048313437111;-8.791262056946266
-1.7710881328390597;8.381798379829927
5.670101395658425;1.604895515507363
0.22061991128760267;8.410902530794663
-0.9881838228847342;2.426909307887064
-0.022179364746016256;10.24399037411778
-2.3931764501142103;4.041344557053366
5.865958425485607;2.906166403936882
-5.96607756538816;-5.183465898975905
6.035802497837267;3.0363175949316057
3.206081513028015;-2.9164409400453994
-2.432321008120226;8.86677988751194
;
;
4.161518487274682;-1.6183429903467133
-2.7145163108778245;0.39136901753212605
0.2811739962910391;-9.372649724586896
6.386046352889025;1.8562790319838407
-0.20313184834647377;-8.180276927642213
3.9628923072301405;-1.7833180375215256
-1.3414307922206454;4.535611976633884
;
;
7.568809073732865;1.1233098138777786
-6.11900091109979;-1.7475252603753733
-10.03847290515394;7.8275740273858
3.014791643330563;-3.111869388222937
-1.7047695772760418;0.8469891801564304
-1.20670846745519;4.285316537329434
6.435321044355935;2.130666557644104
;
;
-1.4710438117487432;4.028004589967536
-0.6276952354774329;-7.4570842466455485
1.8297242793390045;8.29292232023261
0.05101890612324117;-8.826308707107858
;
;
;
;
-0.6308794193380526;10.016847921585693
-7.249823842673586;-9.178056481721939
-0.883917368304022;4.833093306938051
8.242846726099268;-4.082983725668556
-1.9598923559828765;0.6698503995577783
8.707244050131527;-4.954963843691038
6.160022205008243;1.1662859897808953
-2.04545212829272;7.6126230367230905
-2.5573176159323667;5.806311346154898
;
;
-0.3207826024449182;5.148309914845692
-1.6542048763168755;4.488670288157049
-0.014277651944346048;2.7503685912856657
-8.459712251227598;8.409918209986762
-0.7484589037267307;-3.5971022797648287
6.834449037005198;2.2895481854418045
-2.048923923170506;1.8858980566934826
1.069326601615513;-4.328516471345633
6.854400430502549;2.2065974418815797
-1.0352054682274126;4.327398760013411
3.8277745864896904;-2.005708171965065
-4.828148317086119;-4.504823669214155
-2.6220908969581;0.4697150093770218
-4.94777142478948;-5.021496195891721
-2.6280452209910394;8.033977404178149
-2.3375626261517977;7.434549541871667
8.421546949228066;-4.830408361344985
8.235463162335135;-5.053337565560343
;
;
0.10024050855751865;9.109350258415281
;
;
-9.10273310377236;-9.259890289601145
6.382372267247388;2.0247056973165405
5.7754183866602;2.5281359229027824
-0.07216031254160399;-8.351245663308376
-8.999166181399747;6.225737979669941
-1.6596919497076248;9.208212534814008
-5.216514655110448;-4.878784535342607
6.465125258583949;3.435087361335226
;
;
5.650670670276999;2.0868473794532254
;
;
-1.89790810730024;8.504221491681731
-4.729020600821868;-1.2816106894795947
6.589188036026535;2.254688222513827
-6.852871805290827;-2.0976281090860995
-2.4246236390851736;8.748695928244883
-1.695588841930988;5.308753460844529
-5.6360273976972275;-1.7093724982024727
-8.779490125024813;7.041450071438881
;
;
7.182964362479559;-4.37311894450142
-1.1189494242364915;5.584292025150205
-4.723409315247238;-4.234311399478233
-2.666461517161453;8.080197280298906
-0.5273402499226738;0.13685055441638583
-4.68708471309316;-3.9686335403218935
-1.1933577380586895;0.7458835626212437
7.4762994774796425;-4.752924101971815
0.2903366159486604;-4.596768293068078
-2.5885690016054363;10.860443351336585
-2.5228070336228674;5.076709398189348
-9.316633747582445;7.641117974038995
-9.61448221690435;6.695781557085202
-3.0150562672164787;9.102691274086823
-1.3219998819441463;3.6932954814760017
;
;
-0.8164661501136374;8.342902792084711
5.883518600929848;2.310675863738926
;
;
-1.473759629076954;3.511799009290714
6.325016624923601;-2.385316707539134
-1.5728761713804493;2.854042064388824
-0.9642655115917569;3.7637191508047243
-0.1334725773510663;-7.8011062450774284
-1.105218084199819;4.988797306905429
0.9200658468353187;-3.8362892255132293
0.006773338578221155;9.189032034318238
6.129339462156276;-3.9020946279987148
;
;
-4.861332897054891;-4.777911916552075
-5.868254524395873;-0.7370207932122315
-0.9921058397294349;4.239420061981888
-2.6542418643618975;10.895338062757634
;
;
-4.618625801952373;-4.756136386022695
;
;
-5.025269791588051;-1.461666832925262
-2.3605710364692527;10.793125451452644
;
;
3.3157614243258284;-2.697827062970668
-0.7496272950812687;-8.834780788045027
;
;
-8.332299379882764;6.763921480067874
0.32315062561176566;9.372556416593959
-1.2888947385264906;8.295259809545044
-8.481976453238753;6.878795085231588
6.927275467183394;1.513616490023118
6.974762662782652;-4.186904115602586
-1.6521296078539276;9.077782533035391
-0.6977168724530467;2.8066133688845047
7.885996834522999;-4.559731595134996
;
;
3.528770510093588;-2.7206858307993578
-2.101170855372275;9.786031559146915
0.344353471984369;-4.110113862656675
-8.849245089331928;7.318151152337004
6.527153538905953;2.659470873989597
-1.414753079526431;5.138660260275797
-0.566416897631108;-8.246964015130816
-7.989566648837722;-9.113213353310556
0.5399264739880022;-4.095454743484799
;
;
-0.44495584439575925;9.966365818182295
-2.6781652737127737;9.093402420765038
-9.402025901537948;8.60586660430645
-4.429724305557186;-5.486053123907141
;
;
-1.7534343311460998;5.707979818832596
-0.638779571964823;4.136793758668102
-0.06988275611607454;-3.574878665753916
-0.8759485198229982;-5.649803449590656
7.344475813031905;-4.429258767257643
-6.509797394897423;-8.163214983091905
-1.0187105991452658;10.624249668894418
0.6767133168489345;-4.571529890850761
7.0499558281125685;1.8657937227080321
-7.344106222527699;-1.072779642588004
;
;
2.1991438409678965;-2.500188660019182
;
;
-0.1350491610801519;-3.9120150596267163
;
;
-1.3352575927887593;1.8249530084555352
0.3531788205557217;-8.066239500734033
;
;
;
;
-2.0164128292823027;9.21555074017201
-0.8997296842663741;9.457656843967854
5.968801826678512;1.749339269615548
;
;
-1.4487116016667119;10.036962092149414
-0.1917785139459529;-3.1942268246621888
-2.619550363333702;0.04599418343534545
-8.978868728181842;8.004897626975566
;
;
;
;
8.675836468682585;-4.051218265356057
-2.7674454453734634;5.121984503448519
-2.6406057034734136;9.256102050818168
-2.6445633101642696;5.740716332652436
-0.25765061785340415;4.9695002968534245
-1.789919487307926;9.374193589385763
-8.825088493954082;-9.056458634359194
;
;
;
;
-0.043702369362362575;8.670516451290785
0.4081884768737574;-4.734829443816217
-6.577951910156771;-2.4530592089228573
-0.8693387243122908;4.575629501834484
7.361423061514071;-5.008980037062204
-1.5689649974542146;3.9760101382202815
;
;
;
;
-6.493326409953477;-0.1646066992474231
-8.341527396393653;-8.795778240147827
0.20596825265044905;8.781981228077191
6.699063884663922;-4.643873409764156
-8.364043476607455;-10.050545377975137
1.2014968710350455;-4.68163242727001
0.04158309985542746;-6.930481116987673
-5.112112318098177;-1.3021913070411184
3.1012293467442915;-3.1999535482901833
0.06746479542132022;3.015679720440408
-2.143971603363473;8.569509361990335
-1.5566136188979705;-0.29836589101044964
;
;
5.853859385236875;1.1200931779825463
7.604860087138665;-4.719939056610748
;
;
-1.6095484149389783;9.467438821314039
-1.6090578823550759;1.8625633741049716
-0.6019255698003517;3.7068612899631606
5.392308214902825;2.4734968211661794
3.5856746801907216;-2.472102662008419
4.441224541812699;-3.160118417837479
-1.814449297667544;5.427699131725502
;
;
;
;
6.34188446020572;2.341508672608749
;
;
-1.2898970402377885;4.753446104126294
-0.27173564497236746;-4.567491993548885
6.918702253167643;2.729420034690744
-2.698310132717829;10.414914593668666
-1.6299505045278408;11.223388165945618
1.052346148285013;7.340699574371198
-7.640595014749025;-8.670852073096164
;
;
;
;
0.20178919707062387;-5.066672721254177
-2.0199049319370816;9.805681809001289
-1.5000715076345519;4.440463035934659
-7.851782101580568;-8.763036800186685
-0.012177763650365742;8.682297618685878
-0.1591875992892672;10.203445243798333
-0.2586789631544867;-3.864241651488571
-2.275136736572388;8.112051503762622
0.26807041946129007;8.959372002203501
-5.99710039421119;-1.2457029176758287
-0.5138262902036879;1.5938030554363705
;
;
-6.248758720876574;-1.2727053797245287
-1.297007552045299;1.5364616233120598
;
;
;
;
;
;
-0.8710517489922542;8.990207501372835
-8.122500541370272;-9.1615604142328
-2.4362441915081883;5.706495985261506
;
;
-2.2773221191554818;5.010869147404862
2.9772384566054213;-2.408491955414788
-1.2987840170462939;3.5297301622351447
-8.97526275401953;-8.61482105110724
-1.2661428386532325;1.2130368046624196
6.508509370023969;2.0558934217492255
-9.507796299185127;-9.567841248936823
3.8392379902564358;-2.537504110788176
-0.6669380346481862;4.416633021884817
0.17522951008796656;-5.53091956094222
5.300595615962182;2.325937462767361
7.886184462935464;-4.4354860309302655
-8.329003625357123;7.082209048468987
-1.5465378357470907;-4.159857978102063
-1.0436435846700076;9.905282453267894
0.07400178596230567;3.764229870840635
4.926247686814106;-1.873921666999073
-2.218799403069758;4.97083543274474
;
;
-5.927711524284021;-1.8297629996169245
-1.3313192646930785;3.8439078803073974
-0.6135382811029977;9.945986363856552
-0.6784288015054984;5.6084280617870785
-8.497610680779166;-8.874358286545894
-0.9915136479624252;10.25598493093977
-5.486133126376216;-1.0190216847899312
0.06334614889034951;9.870824704353812
7.244015177332763;-2.5284983407997537
-1.9979069204152775;9.24846163780913
-2.843410110813605;6.504601362398439
-1.4470149399621066;6.183502278480633
-0.5164061318013462;4.42381016313559
-4.962852385321169;-4.240207326657672
-8.56494735456939;6.677388586915275
-8.53334266008409;-8.008212620640865
-2.3483468726467485;9.225626856211173
6.076863097397884;2.758251070455789
7.796928883321021;-3.981742340046695
-0.8737056674529708;-10.077231432508153
-1.4994010460581968;3.8020284890246545
-6.351689757855791;-0.6614506047524903
;
;
-1.7355095146652357;9.952741489027055
-0.6920005421407565;2.800947528610672
-2.030765528881385;9.792749420064021
-0.887706654222662;8.512147275609916
-4.305989237597402;-3.736382975966856
-5.879307948093158;-2.3588788129271414
-1.7800675350631325;2.117156808757895
-1.6441485349697504;9.514720827323295
;
;
-0.1370984468336421;-8.624552726957262
-0.29987429286175776;-4.192260056967665
-2.212568841887327;8.876476345313757
-0.8357320153667824;-8.75405129885419
6.7741721434782916;1.49565742262237
-8.45497105238285;-8.602378610355837
-1.8866053577281314;4.691388166083454
;
;
-2.5037716115384874;8.076747469551107
-0.4147797965909162;-4.34662486492109
;
;
-8.112930336860153;6.815047042365908
0.03588209159485228;10.043381907344488
;
;
-6.227097286045511;-4.654441285397075
-4.58446854402006;-1.2820209534884996
-2.145717787115232;9.384274906709997
-0.5956870518667987;-8.905163249412343
-0.4167071049624945;2.9658746944237455
6.7927109508939205;3.114346684883974
0.4044121775246734;10.16677360721857
-1.8756144756130038;10.408971099769058
-0.3148690567543651;-3.5935230989912608
6.825974284761733;-4.594421821073611
-8.582150371185014;-8.563480565447499
5.274643685422257;2.3039917560871492
-0.20598121895084917;9.694248128185212
4.065666581817014;-2.058462503000548
;
;
-9.972138854705593;-8.966216063250483
-8.58506457813372;6.704944429821688
-7.916309740726486;-9.420828956752816
0.26596275772988553;-5.602907045530396
4.382064940313113;-2.397886186594657
0.04456886902403018;-8.95726217582038
-7.632776595814065;-8.846222004900769
3.904347344876288;-2.822896869346669
4.027485452933429;-2.3114416809997356
4.07600741690206;-3.1551052196151086
7.491413451081092;-4.535428036858118
;
;
0.7186613241009719;-3.4247293293829704
;
;
;
;
;
;
-8.055923673721002;-9.087416697176172
-0.7369134339086144;3.595839643662745
-1.0008255571486973;9.412267539430262
0.38559033374230345;3.394007001025522
2.9447433432207726;-1.9574803834651395
-4.125419401856487;-3.830054099880145
-2.5989712301338543;4.880774728906511
-2.027200633145489;3.547140560216457
-0.1881532333910393;-8.851804463308895
-1.4529696769823417;1.1701261312705986
0.3579402456790471;-3.8305473481363403
-8.860125738999264;-8.439952394903004
-1.8545513679140913;0.6237550738018468
-4.910064374895378;-4.800015495823749
-4.833806507247651;-1.6996097363422205
7.667739282856963;-3.335984234880032
;
;
;
;
-6.246405442921871;-1.1241985069672749
-2.138710450729283;-0.6452530204411551
7.096367718283726;-5.069684306639756
-2.3701313886570996;8.426919422289814
-8.773302901428856;-8.037298048269834
7.4365924177299005;-3.505527057733036
;
;
0.3054473420717706;8.63395883733803
4.531656274226168;-2.333904512813017
6.669924832747127;-4.477856393225889
-1.3801760105368819;9.787745390746652
-0.21543238306592677;-4.224170921264462
-6.410782407179179;-2.40320014122483
-8.581685688391811;6.7843122009389525
;
;
6.539295145685772;2.1438317967383784
;
;
-2.315138562274331;5.012566608215108
-2.746340416847749;8.551118962231545
4.548763106536253;-2.5941561041145045
0.1789688079937155;3.4855536761074712
-0.9419986083186206;8.721337895321174
-1.0636187078875528;8.736947093940135
-1.3394047674590523;0.15263090338655283
-2.5367665889147206;9.627267779886676
-5.423664902220782;-0.2201943528459851
-1.10380419431224;8.649777077320856
5.798142914739843;0.8535684954819946
-0.9908770585670865;-7.972413297835794
-9.174410948959405;7.096565199449726
-1.503099518309499;3.3721971938086748
-2.403353115316074;2.2068407021932375
6.70446921932576;2.18146872107567
-7.558809884786378;-9.341803609500847
;
;
-6.375412604128087;-2.16083416867838
-6.343170753480642;-0.8573289142433351
-4.4303805262893885;-3.685489742503419
2.267732590178925;-2.2516657139475718
;
;
-8.438729817922248;-8.762944759901705
-1.2202702489589625;3.3945780553812126
-6.527995273284929;-7.847949286244852
-2.2408318792421498;9.511671332792387
-2.5429310004482932;10.661241284166294
-8.119122168915371;7.723713673270248
5.856715576339811;3.3712955016526633
-2.513769746375032;9.561233327740116
0.18412285654092972;-4.747670166169707
-0.015744349780371175;9.520592586030581
0.17200514331448102;-9.046131793470447
;
;
0.010902732766583545;-8.042485106810496
;
;
8.387673503371117;-3.8485237574909426
5.733908845601098;1.5120095495283428
-1.7021475947690794;4.269888948043783
0.5304399133107691;-4.044010825240305
-1.5945173233300638;0.46553245891751094
-1.6523589340286866;8.821984453536226
;
;
;
;
6.011501622681656;2.8408635870599936
;
;
-2.1392435030962322;8.956918275666249
-1.8663011471583875;3.1302091272795733
0.7220310148375378;9.308958206492257
;
;
;
;
-2.045556015148078;9.457448914033728
-0.6101296147472852;10.423686138364397
-1.4581155565992865;8.925049339472812
3.5315639909825833;-2.4376638552174144
;
;
7.445142629258022;-4.750144775557213
-2.257195023125259;9.513758104161484
-7.324182797104721;-1.2162636644944391
;
;
-2.107272008071177;9.17237939787741
0.6252915503378078;3.729284623975594
-0.6468275958464742;3.7213215982572576
7.7493608473764155;-4.304290258932037
-6.634914404484732;-1.861898686482835
;
;
-0.455185914006925;9.721408782704511
-1.8170742792067813;10.073760466218184
-0.6007068860604301;9.916651113623642
7.127952989520013;2.836741826393843
-0.41729812210367156;-3.507627340152362
-0.19684878710704024;9.258023145897237
-0.9007198136433493;-8.453492204641629
2.5649477282683595;-3.0269303905772063
-0.2944029563017324;-9.053501218950128
;
;
-2.0004915854262864;1.2292439277827993
-0.1684385643056523;9.791826323226184
;
;
-7.979272805971185;-9.705581683515812
7.132562685446056;-4.673597553368099
-2.317135376194872;9.223931894090672
-4.871437135936966;-4.767508916796132
-1.7093139998630031;9.424466415098703
-8.256989132268817;-10.05236369974771
-1.4319287519362387;4.445747478820194
-2.1548139824500816;0.19554268579181866
-0.9564600316694711;3.5040252099941185
-2.654126246455326;0.9341341557418543
;
;
-9.487563654605706;7.237723684443738
-2.021395621408866;5.202447007461691
;
;
-0.6339812507157387;4.384326413799009
6.889844842522275;-3.977972229217002
-1.3639162276767256;4.888602982076288
-2.0662659464523667;5.3964894114914745
-1.0395439658579555;-3.7725991887349863
6.965784282984113;1.9714966551626893
;
;
;
;
-7.570910132415383;-9.119635009099603
0.1935600228161985;9.774192177673537
-1.5342755517906506;9.406994243927741
-1.2427245875528934;8.895821045641272
7.219461442274372;-3.560505927346951
;
;
-1.6672137747067948;4.686526952342182
-0.7419751949380118;3.2952917968637148
-0.26510077767089474;-8.148766657122424
-1.4229072646982242;1.136744586370521
4.242123421932773;-2.6341354093343736
-0.9013800596835344;4.913598178543483
-6.70289150330034;-1.4205210092986449
-1.7263446764410912;10.163848113949271
-4.9756568552138;-3.7277653679919123
-0.4246203741776784;10.207010206797309
-1.9025237403375812;10.008474365275658
-0.08141541862105905;4.123217102112025
-9.150655577796696;7.18779889336669
-1.8111872531216295;0.475459082085088
;
;
2.857617438287213;-2.2150238055889493
-6.198194445531737;-2.1310322862174633
-4.239129181801949;-5.409776704759139
-0.891320791135794;3.7357136684318273
;
;
-1.7927652529186675;10.059752829949247
-2.704156114088718;9.141997733504159
-1.2574156608391283;3.3515616216918076
-8.069861442009126;-8.12171016907581
-1.315014944168769;-8.853923369585113
-0.95717088929425;9.631447223675801
-2.1072554556084166;8.91172476263112
0.31212418505847295;8.582685622236122
-2.602114130290017;9.923697402673806
-1.2212057414654718;0.2875223272019348
-0.4224367967766808;-4.267977587606058
-1.7423289943708455;4.505889028689936
-5.781261175306546;-1.1352420597807265
0.5977118760934126;-4.4853604561594205
-1.0039592346411896;4.782969897804927
-2.150612572760491;8.55880090685525
-0.6664117253006405;-9.6115560395874
-2.0709324052463076;10.512247301393128
-2.3693407100007335;10.401934242892558
6.254294882934291;2.9943179113471774
-4.420216992256076;-4.789082879477801
5.399190520778243;1.9449926353924578
0.551803312331907;8.70548546937947
-0.3783992440228995;3.6516848693816994
-1.3588405587900558;3.0842931339144304
-5.594341020658454;-1.7826455715968659
-9.066004902373278;7.48015567370061
-0.3303603872673439;8.418800034543532
-1.550330035948675;10.42077577832832
-1.6940871575096708;5.104980586156002
-2.878760173934299;9.329909264593908
-4.078032018755618;-4.968302183457323
-0.745504339432165;-4.0291078947095915
-7.911721258139666;-10.45504341633226
-3.147137972424368;8.801036870046637
-7.326499534137004;-8.064307994912816
-2.183784294413095;4.467776921606743
6.742233501977891;-4.962626507782322
-1.4615808729095063;0.05213271543763076
3.0368006884918475;-2.907570109232073
-0.4132687214555378;9.167975380922035
0.4360870539932131;-4.648361888098825
-1.432575472781635;4.267787493582762
;
;
-9.457136740783373;5.852636086548088
0.673764587117515;9.596347309514288
-0.2682538426878528;8.315841478473788
4.2499971329499635;-2.1740988359399687
3.6306929402488874;-1.5790335932431605
;
;
-1.2922281548182424;8.767637334365984
;
;
5.875756459835869;1.421084917804837
;
;
-1.476734238994778;1.4307739474969763
-1.784762973547628;6.605962247211049
-0.8888116438288097;4.272528050180377
-2.2464960300616568;8.581869590943949
6.654567381297127;1.9046200992573676
-0.28326651926241087;-8.42474748666303
2.894788546665221;-2.140188651676393
;
;
;
;
-1.9787396970653925;5.299789319391228
-0.5333391801453898;-9.149560311788223
8.056939008605475;-5.140186730077324
-1.4929104605378323;-4.833058942556872
-8.913909699822836;8.441072760190316
-8.548051130654555;-9.945612766984642
-1.7480077907969869;2.929427415900318
-1.1269029391071776;-0.1548230108431925
-7.200616102842152;-9.106316718668033
-0.8198886514256213;10.607245216632728
-4.409799595218545;-4.496936313560324
0.5763268646320271;8.277501105303148
-1.732220901730259;8.465095829089389
;
;
;
;
-0.10704040509005408;3.3456309800091346
-0.19025444566401511;-8.6921577394291
7.06327633530274;2.498326599220812
-8.772139065953175;-8.618446805213694
-1.7273208088799714;1.6482620684116531
0.0001860352289063394;8.708930797288396
;
;
-1.4867458282524817;3.5445303008992544
;
;
-0.4068596327037955;10.144797489428225
-1.5989893213221027;1.4913047479896993
-9.432922036511812;8.34563917623522
4.127350860711177;-2.4025919947940473
0.027096355609154438;-4.911562461566199
-9.019934935615574;7.13601548914422
-0.4706690404930957;-8.394523308870621
-1.693717274598816;9.258050157629787
8.06488368766534;-3.2247011968179633
4.7224296588779335;2.491546422261633
-2.412020776069009;4.928724643918572
-0.5207990479378399;9.279565273356177
6.031408972896882;1.920240863029315
-2.699795379923162;7.8120957426922875
-7.676542629894958;8.79130939888734
;
;
-8.526947713188552;7.0257521106593215
3.7425503584464126;-3.1983868959772415
-4.206210605733127;-0.9752753664098164
-8.145304502118696;-8.490326227135425
-2.168117678924718;0.5213998072991237
-2.4785933078011624;8.903826438444218
-2.0180581882862465;9.463473305498296
-9.421849193632633;8.335429997108186
-2.3139473617558615;1.2353883451453291
7.328418025189771;-4.544155520617585
-1.4351864007103694;8.555806889339674
0.648026703865653;-8.799064926593353
-1.6341916676013335;1.123531298159131
-8.845989567036792;8.20496091988062
7.211687575187154;2.7144056914890964
-8.944013330179336;-7.778914683636734
-0.9280720658983044;-8.22749032467408
3.392930043334384;-2.2920254350905713
-0.2620039761855266;-4.203867370234601
-5.633715781602153;-3.4597407658410315
;
;
-8.775667202793622;-7.889959787697836
-8.92789009831024;6.882681556911933
0.45107851763951284;-4.59007969929245
6.610126161598233;1.7546384237248913
-0.09811038542912273;-6.206103662722487
-6.887764614330573;-9.065698988842376
3.299923936625693;-1.4325901293058714
-1.521418196131968;5.768885049410526
;
;
6.620563727924769;-5.393301806235873
-1.4758959914881526;8.454426960366328
7.122911093822529;2.037287114667848
-2.3916613125952577;1.5770047232601452
-4.8663547022378655;-3.9034286023466
-7.527200986126971;-8.809979685719613
0.22742174486147548;3.227983655693726
4.549017682368103;-1.2345258740964191
-1.4384671602498336;0.5531725257285495
-1.0115493672836071;3.5751493530057825
-2.2386385135131928;9.426406114584182
-6.733801603137613;-8.066642943736912
-7.795050722851286;7.433376751073685
-8.498673834185404;-8.372307784998878
;
;
;
;
-8.649139296343986;7.20324353010328
0.2142529026073267;9.53653555755485
-1.481029583482979;2.653744704192837
-1.3519172560436645;8.5385997713235
-0.6312096000959773;-9.682460556907914
-7.992697703227532;-9.094828715747969
-2.3766196719769352;1.5683614306410791
-1.3853952620262882;3.2599065132761154
-1.3434155408607402;8.891775731209675
;
;
3.657807499827239;-3.111924054107414
;
;
-4.423779730040079;-3.8995507573484525
-1.6327615519860883;5.087155855527848
-9.154737026104304;6.528278888628585
;
;
-0.26199191423702106;-4.520002174898136
-5.341601078181533;-2.237090187040166
;
;
;
;
-2.0392545746063284;10.29136224967628
-7.7039941812623995;-9.683867342166431
-8.381038009162038;6.079553130732028
-1.0022114200327006;3.737210689518878
-4.453335292325688;-5.378853546839704
;
;
-3.608070665346741;-5.175341246935989
-8.107474504649558;-8.906088183655244
-0.8883351005525467;4.491884919067565
-1.7748458724268694;5.087389310646054
;
;
-1.7259066941710208;1.0632704966933777
-0.27913235197224084;-8.483411351053768
;
;
-0.5006588871187012;-4.321920187246111
-5.127520892031798;-1.051222844480611
-1.141211080796092;3.358065070920749
-0.02302934617462729;8.21327644659659
-0.3788403653305936;-8.576812317545711
-0.5002631930954953;10.294312999696771
6.323165467348967;2.1001113642194698
;
;
6.652672359841861;2.706813612773093
3.688958905812747;-2.0540993120617386
;
;
5.964301885496033;2.172698700412902
-5.775103996648591;-1.5938847593208831
-0.8052846464838472;3.2769833530385446
-1.6878148098362666;0.9894436852210524
-6.607690018690662;-1.57753158394782
-0.11865101635763767;-5.089802288746523
-1.4533887919586848;-8.979722784790916
-7.719493077467161;-8.034008797175419
3.4692639218990697;-2.7359233072986284
-0.2016940981109136;-8.544065727877951
0.02967794125493095;-3.3936061786283185
-1.2259321626860826;3.7334988867529932
6.211455744812654;1.6120194855907308
-2.3943867638826757;8.965986944172606
;
;
-1.2718056697874793;1.733385093583347
7.449967889657817;-4.241065997726241
-8.261179048942887;-8.839448470261956
-0.1419140549430553;11.037826182665556
-4.189504661078233;-5.359000790500739
7.712190226298859;-3.8029812030964
-1.45006262498831;9.979933053355756
-10.714404299839408;5.831252499966517
6.621490142083786;-5.127417355017341
-1.3943042063167175;4.252435852400559
-5.955066011566142;0.5111527774200932
-2.538357160712363;2.720289740832147
4.021942069946765;-2.711913244316664
-2.1066846726053092;7.664830594332287
;
;
-1.6450364485249747;7.7412781055704505
-7.625223649875723;-8.828442757250238
2.8949775830975133;-2.4962432187444255
;
;
6.987096735834586;-5.077508507603525
-0.05933279643799671;-5.624775180845372
-2.4511817549538883;1.5974419759634546
-3.1582201555438614;8.726960901008507
6.0168652891647785;1.180786997081887
;
;
-0.928999897349197;3.3560639048975918
-1.43848432474745;1.326235415883922
0.47407203559363065;-3.509755854488159
0.10877919692947524;10.282088004427985
-2.4099306553324866;5.404738627380211
;
;
-0.15464040063962556;-2.244746861033692
-0.19195527164580353;-3.3623471334407573
-0.8854516508457433;8.306981331316493
-5.880172831292379;-1.751515770746036
;
;
-2.264376982990967;0.3535462065822631
-2.4143479020129215;9.64357158358681
0.4175315608856297;-4.870369987063866
-3.9767311830718404;-4.15598629749589
;
;
-0.3522737486242619;7.188540152472459
3.9014170222069717;-1.4993668021947895
-5.725280351103452;-1.6194313624701306
7.185442391817931;-4.130260057335082
-2.314873842525005;9.208425089735663
0.08192087070962925;-4.7604175475196095
-0.20609703063546814;3.102033431372937
-5.769833113732912;-1.1426347115908428
6.856080734585817;-5.211193488815785
-1.9477321649337374;5.555901336173066
-6.621675439917412;-0.7978836662368882
6.872903988904324;-3.7349362350019053
-7.274157695490871;-9.746549535629477
-9.340915861867636;6.808004669912313
-7.563631707551698;-9.849070924742914
3.0110630708003656;-4.0624937519721565
-5.1997012982442765;-0.798542818372769
8.642188084753169;-3.5914638202106537
7.558805904822105;-4.286089408216689
;
;
-8.07098317615951;-8.779161505248313
-1.1895424000493486;10.240622560145027
-3.9595322990583908;-3.5937033871598523
3.8497293061882307;-2.036800018574949
0.25994418026453736;-9.655432986935024
-1.2972081944032396;3.2364327281636474
0.2637320365552759;8.43710346956395
-8.254562253370393;-9.47476359244677
-1.7478404495654785;0.8320353404513396
-8.591782385841753;-8.380563939127454
-8.08168799409267;-9.088571882560807
-1.4195028063202428;-4.03277260277908
-1.4347996540239358;9.52407032730255
-8.9520276515632;5.654915397768795
-5.637984949205582;-1.6525800411698361
-1.295705244862908;1.4135754188110194
-9.27701226897501;6.893706861708233
-1.9123757769367797;10.195398086226238
0.6238926931773713;-4.518381449561616
-0.7586115334647663;9.312992327434078
-0.8513079474567715;-10.64335219556044
;
;
;
;
-1.732614610469668;4.3814080749773225
;
;
-1.0810826979164883;8.412268555262608
-0.2715297284054221;-3.4849810481839767
0.4336639691309646;-4.060380733987952
-6.893671033944623;-8.528959563938766
-7.180077328267849;-8.320652890619517
6.640711835744179;1.7110754539469024
-4.8758636362691385;-3.6118003965991927
4.865847531597322;-1.238929352976157
-6.08641100993996;-1.725109569851159
;
;
-0.35421451275692584;9.450778510373542
;
;
-4.727996331883945;-2.5811363704503667
-0.8775811165642043;-9.23280551398458
;
;
-1.5012531413991501;5.8138972983727255
3.452113969765019;-3.0928406610655657
-0.6527237272075874;9.679792156979403
-0.420658316371051;3.6483435663645882
-9.943116340247029;6.814714295420525
-9.640530825342019;7.91141669090537
-7.42585725563071;7.753792288733825
4.16622257595465;-1.6164693918250677
-6.565919198167684;-1.7735325354479157
-0.8118037080282722;9.237327870019563
;
;
;
;
-1.2624956353686916;3.835566554702251
-0.8491268344482565;-8.376876299838562
0.0796006824910594;-8.06178072392416
0.09660872994759906;0.8451235517135056
-9.37779899514734;6.320098423784841
;
;
;
;
-4.209324575169863;-3.295525772767051
-6.662022016821159;-1.658240197254127
-0.11262967525301115;3.078707671997709
-0.8797382532490376;9.043236101740556
-6.756551202282383;-1.7163295174843685
;
;
-2.093030205239778;1.4305047177668881
-4.780659009141604;-4.559092362355115
0.09766667644047047;-5.718248266944177
-0.9053103391042772;-7.4238565913816466
-2.548880647240962;9.493637382961023
4.43229093775685;-3.1146415771285056
-1.6820607995774912;7.8105127764306514
-2.1008124834523283;3.9633381133976906
6.950583484461283;-3.9637128614136916
;
;
-1.1997947853857567;10.084489643151128
0.4794402300487314;-4.442579475472806
;
;
-5.783105270229617;-5.257714408224605
-1.2997315148988922;9.319291696470364
-0.6425252327682799;-8.939456104502103
-5.090955647327638;-4.411070566927152
0.09964514957589982;-9.06164029410902
-7.06862769680339;-2.3980171290111603
1.2737656789594354;9.040564741576572
0.05667709163609963;8.695770823342878
-1.4310914641200627;8.493765712592202
0.4575484672041128;9.091674839032573
-2.48454453761061;8.064932393287693
-5.31957365377791;-1.4994232567355354
-4.37315900157302;-4.146411201580181
-9.303867079943064;6.786073558236549
-5.938452015571227;-0.47866962117258804
;
;
-1.9551602232348797;3.9660973818918
;
;
7.060522861464605;-3.401049080105489
0.3267646913885791;1.6906876929679258
-8.728100522827988;-8.076220402355835
-5.670844207906306;-3.7460065665671443
-8.672211012402746;5.508630317763798
-8.401247383965428;-8.960019105574265
-1.2850183601111427;9.193177054528213
-2.092915454474163;5.235903920185055
-2.407242157804998;1.4065217272999413
0.4375267633959984;8.681392558013338
-0.9695534123566067;-3.2878543474316935
-5.176580156164593;-2.2441034182088906
3.9234554680004554;-2.8584646779396943
-7.963331548082873;7.8574871267243935
-4.825128152025633;-4.388376547100804
;
;
0.1561112207879143;-3.7906548504330146
;
;
-8.763777432482192;8.436155894059544
-1.4431103306322794;1.4155945913629862
2.894243800287007;-1.3517664419226785
-1.006854623260765;-9.243728367989744
-9.51212909439356;7.824252354599853
-0.011511294069067868;-8.947251126872589
-0.3880685149888839;-4.068479435252358
-9.530127198264122;-10.111839381282781
-0.6070333656030291;-7.8596446692689765
3.37542283537745;-1.7950303259738396
-1.6886604802893803;8.969844985949873
6.590867419893889;2.1485505749385916
-1.990122108439363;3.3384947107853655
3.434109005779232;-1.8619251124727028
-0.7602621225824646;-8.11760641470802
0.4981923476067853;9.565316880349087
;
;
0.25406439992495106;-4.600824405499001
-1.8091893924018523;9.303971964382361
-2.2451742561525085;0.9283442594260409
;
;
-1.5989324583982043;8.571865843348755
-1.5583784273344445;8.396594820545975
;
;
-2.1642971965672024;5.569298156767359
6.742472245159762;2.336662885242095
;
;
-0.7658234628761051;1.0138738985741653
2.434833007404812;-2.2461887174041473
2.700731729458087;-0.9972868734720104
;
;
-8.427965782244726;-8.676712693949288
-0.10768849910005268;-8.246852628107943
-5.280254564179577;-1.1542713276291936
-1.7357113545309002;2.2240938922476166
-0.09840391466961773;8.969707275034551
8.277384833001165;-4.8181809487996246
-5.781882479698651;-1.459033027128228
-2.1897017852730842;3.2322979565851506
-5.987759891334669;-2.569366149335699
-0.5385318244974195;4.990034128187208
0.3155860247050415;-8.56688085792437
-5.744661475479195;-1.69204536909138
-1.6539826310704877;9.987743839181041
3.426447359467954;-2.349319656044986
1.5950853283219737;10.029248661058034
-2.549204213343037;8.982034291147897
0.03297932108439028;-9.81711629570627
-5.039784582837159;-5.545694032603133
;
;
4.181674719638395;-1.699658015727674
;
;
0.7074897402513345;-9.166679399202403
-1.4759467953720857;-4.823737642394234
-10.389096428444459;5.83747252777488
-1.1181157248481757;3.1448549415081577
-4.036183682310416;-4.781934589565174
;
;
-2.035118623574322;10.148839392740364
-1.5146539069496776;2.086174759222506
8.052161654074984;-3.7276998503690346
4.462340028480718;-1.726650460111665
-1.3554783165796698;9.763380712634408
-1.675321722282241;1.2057173071891072
;
;
;
;
5.954935314024132;2.316160540275914
-0.26668763526765626;-8.08102428444076
7.585581704187052;-3.532107133448403
-0.205857857356257;-8.48963495252151
-1.5852349923824933;1.1720322959706222
6.2877196299578175;2.8563012220488373
7.180791863273759;1.989581871722495
3.5388397506512836;-3.090482626075969
-8.980034058314532;6.79900796336674
-2.1245569400178645;5.2290275764733725
3.796247134236069;-1.898309317947949
;
;
-0.6352141735126313;4.068309811572099
6.364118322104258;-4.974308861936795
;
;
0.39009475809849;-4.46938669858441
;
;
-4.165486610349346;-4.927781577975498
-1.5972847406342863;4.021658913779504
0.38983926967789795;-4.365163360801092
-2.0682952133899066;9.188578965515214
6.283062238516923;1.8369713541883534
-1.2012189183672295;3.026373736269651
;
;
-5.997692027186197;-1.4347608740864828
;
;
-2.1743299079371887;1.4409165461932187
-3.487471579424675;7.338043432781157
-1.297794640693513;-4.738875161534817
0.6147120715323997;8.41140846106321
0.8092822887627882;-2.3847412011572926
1.3750087312456827;-8.880224676920708
;
;
;
;
;
;
-8.833770020975956;-9.851664510674745
;
;
-1.6483063529745312;3.3267924878030195
;
;
0.2187442333534152;-4.722279443340423
;
;
-5.5480479448308895;-4.552674804702786
-1.3100186108950758;10.074640807215076
-1.4413839632678553;5.148909493320146
-2.9197822638393984;9.621889644675313
6.68705031536446;-5.139715097604325
-5.525187410440467;-1.8226656996066055
7.904070994596643;-4.5138457134256385
-2.772003156099021;8.124782817123554
-4.226757403815143;-3.162206555131487
-2.0332485559661078;1.5652008802444282
-1.874066870970043;10.856433727981011
-1.1281605870127895;-9.263039242088281
-9.096076789237506;7.135858332131315
-0.2094365061652405;8.920590505069455
8.239253721678786;-3.50999040694019
-0.3074682035642874;-9.040338516224484
-5.078851473853225;-5.4757193319766735
-3.3884409966231805;7.9432178680849495
-1.9525486019756317;9.180317633021932
-4.689838533820328;-3.3417177013956234
-5.215238998943062;-5.49416563683997
7.205546836967368;-4.834869120538647
-8.532189749796974;7.044537057940318
;
;
-2.8071377952285563;8.606070284290954
-5.9011723137021574;-1.056640309872516
;
;
-2.6778189213241226;9.573519051318119
-0.6443236134595474;3.8481320453122927
-2.9195214136488903;7.821011455264649
-0.2669609158750636;-8.872903807346995
-1.9324564106755344;8.686365092477912
-4.488902899732214;-3.7585354880908373
-3.0924231035749967;8.09750337664906
2.905722109380843;-1.6222255421557623
-5.040338024153898;-5.5113496350344615
;
;
-1.3106404960905438;-4.082857626924328
;
;
-7.889322117058672;-9.498808821193691
;
;
6.556664345431251;2.702959043783026
-6.042573547407447;-1.5417418498199182
-7.300314661670568;-9.620812819313219
-0.5403168109912116;4.13978918752552
;
;
-1.3878165818098736;4.663338654476583
